{
  "project_info": {
    "project_number": "994783720123",
    "project_id": "practise-d4355",
    "storage_bucket": "practise-d4355.appspot.com"
  },
  "client": [
    {
      "client_info": {
        "mobilesdk_app_id": "1:994783720123:android:7c2dc0774290539766ef9e",
        "android_client_info": {
          "package_name": "com.example.practise"
        }
      },
      "oauth_client": [
        {
          "client_id": "994783720123-ed3enkin4nrg5gapkq44eeehlcrd6dmg.apps.googleusercontent.com",
          "client_type": 3
        }
      ],
      "api_key": [
        {
          "current_key": "AIzaSyAhpwULAntsC8ALU0CPL3NBOnAHQUh_k0Q"
        }
      ],
      "services": {
        "appinvite_service": {
          "other_platform_oauth_client": [
            {
              "client_id": "994783720123-ed3enkin4nrg5gapkq44eeehlcrd6dmg.apps.googleusercontent.com",
              "client_type": 3
            }
          ]
        }
      }
    }
  ],
  "configuration_version": "1"
}